{
  "adana": [
    "Aladağ",
    "Ceyhan",
    "Çukurova",
    "Feke",
    "İmamoğlu",
    "Karaisalı",
    "Karataş",
    "Kozan",
    "Pozantı",
    "Saimbeyli",
    "Sarıçam",
    "Seyhan",
    "Tufanbeyli",
    "Yumurtalık",
    "Yüreğir"
  ],
  "adiyaman": [
    "Besni",
    "Çelikhan",
    "Gerger",
    "Gölbaşı",
    "Kahta",
    "Merkez",
    "Samsat",
    "Sincik",
    "Tut"
  ],
  "afyonkarahisar": [
    "Başmakçı",
    "Bayat",
    "Bolvadin",
    "Çay",
    "Çobanlar",
    "Dazkırı",
    "Dinar",
    "Emirdağ",
    "Evciler",
    "Hocalar",
    "İhsaniye",
    "İscehisar",
    "Kızılören",
    "Merkez",
    "Sandıklı",
    "Sinanpaşa",
    "Sultandağı",
    "Şuhut"
  ],
  "agri": [
    "Diyadin",
    "Doğubayazıt",
    "Eleşkirt",
    "Hamur",
    "Merkez",
    "Patnos",
    "Taşlıçay",
    "Tutak"
  ],
  "amasya": [
    "Göynücek",
    "Gümüşhacıköy",
    "Hamamözü",
    "Merkez",
    "Merzifon",
    "Suluova",
    "Taşova"
  ],
  "ankara": [
    "Akyurt",
    "Altındağ",
    "Ayaş",
    "Bala",
    "Beypazarı",
    "Çamlıdere",
    "Çankaya",
    "Çubuk",
    "Elmadağ",
    "Etimesgut",
    "Evren",
    "Gölbaşı",
    "Güdül",
    "Haymana",
    "Kahramankazan",
    "Kalecik",
    "Keçiören",
    "Kızılcahamam",
    "Mamak",
    "Nallıhan",
    "Polatlı",
    "Pursaklar",
    "Sincan",
    "Şereflikoçhisar",
    "Yenimahalle"
  ],
  "antalya": [
    "Akseki",
    "Aksu",
    "Alanya",
    "Demre",
    "Döşemealtı",
    "Elmalı",
    "Finike",
    "Gazipaşa",
    "Gündoğmuş",
    "İbradı",
    "Kaş",
    "Kemer",
    "Kepez",
    "Konyaaltı",
    "Korkuteli",
    "Kumluca",
    "Manavgat",
    "Muratpaşa",
    "Serik"
  ],
  "artvin": [
    "Ardanuç",
    "Arhavi",
    "Borçka",
    "Hopa",
    "Kemalpaşa",
    "Merkez",
    "Murgul",
    "Şavşat",
    "Yusufeli"
  ],
  "aydin": [
    "Bozdoğan",
    "Buharkent",
    "Çine",
    "Didim",
    "Efeler",
    "Germencik",
    "İncirliova",
    "Karacasu",
    "Karpuzlu",
    "Koçarlı",
    "Köşk",
    "Kuşadası",
    "Kuyucak",
    "Nazilli",
    "Söke",
    "Sultanhisar",
    "Yenipazar"
  ],
  "balikesir": [
    "Altıeylül",
    "Ayvalık",
    "Balya",
    "Bandırma",
    "Bigadiç",
    "Burhaniye",
    "Dursunbey",
    "Edremit",
    "Erdek",
    "Gömeç",
    "Gönen",
    "Havran",
    "İvrindi",
    "Karesi",
    "Kepsut",
    "Manyas",
    "Marmara",
    "Savaştepe",
    "Sındırgı",
    "Susurluk"
  ],
  "bilecik": [
    "Bozüyük",
    "Gölpazarı",
    "İnhisar",
    "Merkez",
    "Osmaneli",
    "Pazaryeri",
    "Söğüt",
    "Yenipazar"
  ],
  "bingol": [
    "Adaklı",
    "Genç",
    "Karlıova",
    "Kiğı",
    "Merkez",
    "Solhan",
    "Yayladere",
    "Yedisu"
  ],
  "bitlis": [
    "Adilcevaz",
    "Ahlat",
    "Güroymak",
    "Hizan",
    "Merkez",
    "Mutki",
    "Tatvan"
  ],
  "bolu": [
    "Dörtdivan",
    "Gerede",
    "Göynük",
    "Kıbrıscık",
    "Mengen",
    "Merkez",
    "Mudurnu",
    "Seben",
    "Yeniçağa"
  ],
  "burdur": [
    "Ağlasun",
    "Altınyayla",
    "Bucak",
    "Çavdır",
    "Çeltikçi",
    "Gölhisar",
    "Karamanlı",
    "Kemer",
    "Merkez",
    "Tefenni",
    "Yeşilova"
  ],
  "bursa": [
    "Büyükorhan",
    "Gemlik",
    "Gürsu",
    "Harmancık",
    "İnegöl",
    "İznik",
    "Karacabey",
    "Keles",
    "Kestel",
    "Mudanya",
    "Mustafakemalpaşa",
    "Nilüfer",
    "Orhaneli",
    "Orhangazi",
    "Osmangazi",
    "Yenişehir",
    "Yıldırım"
  ],
  "canakkale": [
    "Ayvacık",
    "Bayramiç",
    "Biga",
    "Bozcaada",
    "Çan",
    "Eceabat",
    "Ezine",
    "Gelibolu",
    "Gökçeada",
    "Lapseki",
    "Merkez",
    "Yenice"
  ],
  "cankiri": [
    "Atkaracalar",
    "Bayramören",
    "Çerkeş",
    "Eldivan",
    "Ilgaz",
    "Kızılırmak",
    "Korgun",
    "Kurşunlu",
    "Merkez",
    "Orta",
    "Şabanözü",
    "Yapraklı"
  ],
  "corum": [
    "Alaca",
    "Bayat",
    "Boğazkale",
    "Dodurga",
    "İskilip",
    "Kargı",
    "Laçin",
    "Mecitözü",
    "Merkez",
    "Oğuzlar",
    "Ortaköy",
    "Osmancık",
    "Sungurlu",
    "Uğurludağ"
  ],
  "denizli": [
    "Acıpayam",
    "Babadağ",
    "Baklan",
    "Bekilli",
    "Beyağaç",
    "Bozkurt",
    "Buldan",
    "Çal",
    "Çameli",
    "Çardak",
    "Çivril",
    "Güney",
    "Honaz",
    "Kale",
    "Merkezefendi",
    "Pamukkale",
    "Sarayköy",
    "Serinhisar",
    "Tavas"
  ],
  "diyarbakir": [
    "Bağlar",
    "Bismil",
    "Çermik",
    "Çınar",
    "Çüngüş",
    "Dicle",
    "Eğil",
    "Ergani",
    "Hani",
    "Hazro",
    "Kayapınar",
    "Kocaköy",
    "Kulp",
    "Lice",
    "Silvan",
    "Sur",
    "Yenişehir"
  ],
  "edirne": [
    "Enez",
    "Havsa",
    "İpsala",
    "Keşan",
    "Lalapaşa",
    "Meriç",
    "Merkez",
    "Süloğlu",
    "Uzunköprü"
  ],
  "elazig": [
    "Ağın",
    "Alacakaya",
    "Arıcak",
    "Baskil",
    "Karakoçan",
    "Keban",
    "Kovancılar",
    "Maden",
    "Merkez",
    "Palu",
    "Sivrice"
  ],
  "erzincan": [
    "Çayırlı",
    "İliç",
    "Kemah",
    "Kemaliye",
    "Merkez",
    "Otlukbeli",
    "Refahiye",
    "Tercan",
    "Üzümlü"
  ],
  "erzurum": [
    "Aşkale",
    "Aziziye",
    "Çat",
    "Hınıs",
    "Horasan",
    "İspir",
    "Karaçoban",
    "Karayazı",
    "Köprüköy",
    "Narman",
    "Oltu",
    "Olur",
    "Palandöken",
    "Pasinler",
    "Pazaryolu",
    "Şenkaya",
    "Tekman",
    "Tortum",
    "Uzundere",
    "Yakutiye"
  ],
  "eskisehir": [
    "Alpu",
    "Beylikova",
    "Çifteler",
    "Günyüzü",
    "Han",
    "İnönü",
    "Mahmudiye",
    "Mihalgazi",
    "Mihalıççık",
    "Odunpazarı",
    "Sarıcakaya",
    "Seyitgazi",
    "Sivrihisar",
    "Tepebaşı"
  ],
  "gaziantep": [
    "Araban",
    "İslahiye",
    "Karkamış",
    "Nizip",
    "Nurdağı",
    "Oğuzeli",
    "Şahinbey",
    "Şehitkamil",
    "Yavuzeli"
  ],
  "giresun": [
    "Alucra",
    "Bulancak",
    "Çamoluk",
    "Çanakçı",
    "Dereli",
    "Doğankent",
    "Espiye",
    "Eynesil",
    "Görele",
    "Güce",
    "Keşap",
    "Merkez",
    "Piraziz",
    "Şebinkarahisar",
    "Tirebolu",
    "Yağlıdere"
  ],
  "gumushane": [
    "Kelkit",
    "Köse",
    "Kürtün",
    "Merkez",
    "Şiran",
    "Torul"
  ],
  "hakkari": [
    "Çukurca",
    "Merkez",
    "Şemdinli",
    "Yüksekova"
  ],
  "hatay": [
    "Altınözü",
    "Antakya",
    "Arsuz",
    "Belen",
    "Defne",
    "Dörtyol",
    "Erzin",
    "Hassa",
    "İskenderun",
    "Kırıkhan",
    "Kumlu",
    "Payas",
    "Reyhanlı",
    "Samandağ",
    "Yayladağı"
  ],
  "isparta": [
    "Aksu",
    "Atabey",
    "Eğirdir",
    "Gelendost",
    "Gönen",
    "Keçiborlu",
    "Merkez",
    "Senirkent",
    "Sütçüler",
    "Şarkikaraağaç",
    "Uluborlu",
    "Yalvaç",
    "Yenişarbademli"
  ],
  "mersin": [
    "Akdeniz",
    "Anamur",
    "Aydıncık",
    "Bozyazı",
    "Çamlıyayla",
    "Erdemli",
    "Gülnar",
    "Mezitli",
    "Mut",
    "Silifke",
    "Tarsus",
    "Toroslar",
    "Yenişehir"
  ],
  "i̇stanbul": [
    "Adalar",
    "Arnavutköy",
    "Ataşehir",
    "Avcılar",
    "Bağcılar",
    "Bahçelievler",
    "Bakırköy",
    "Başakşehir",
    "Bayrampaşa",
    "Beşiktaş",
    "Beykoz",
    "Beylikdüzü",
    "Beyoğlu",
    "Büyükçekmece",
    "Çatalca",
    "Çekmeköy",
    "Esenler",
    "Esenyurt",
    "Eyüpsultan",
    "Fatih",
    "Gaziosmanpaşa",
    "Güngören",
    "Kadıköy",
    "Kağıthane",
    "Kartal",
    "Küçükçekmece",
    "Maltepe",
    "Pendik",
    "Sancaktepe",
    "Sarıyer",
    "Silivri",
    "Sultanbeyli",
    "Sultangazi",
    "Şile",
    "Şişli",
    "Tuzla",
    "Ümraniye",
    "Üsküdar",
    "Zeytinburnu"
  ],
  "i̇zmir": [
    "Aliağa",
    "Balçova",
    "Bayındır",
    "Bayraklı",
    "Bergama",
    "Beydağ",
    "Bornova",
    "Buca",
    "Çeşme",
    "Çiğli",
    "Dikili",
    "Foça",
    "Gaziemir",
    "Güzelbahçe",
    "Karabağlar",
    "Karaburun",
    "Karşıyaka",
    "Kemalpaşa",
    "Kınık",
    "Kiraz",
    "Konak",
    "Menderes",
    "Menemen",
    "Narlıdere",
    "Ödemiş",
    "Seferihisar",
    "Selçuk",
    "Tire",
    "Torbalı",
    "Urla"
  ],
  "kars": [
    "Akyaka",
    "Arpaçay",
    "Digor",
    "Kağızman",
    "Merkez",
    "Sarıkamış",
    "Selim",
    "Susuz"
  ],
  "kastamonu": [
    "Abana",
    "Ağlı",
    "Araç",
    "Azdavay",
    "Bozkurt",
    "Cide",
    "Çatalzeytin",
    "Daday",
    "Devrekani",
    "Doğanyurt",
    "Hanönü",
    "İhsangazi",
    "İnebolu",
    "Küre",
    "Merkez",
    "Pınarbaşı",
    "Seydiler",
    "Şenpazar",
    "Taşköprü",
    "Tosya"
  ],
  "kayseri": [
    "Akkışla",
    "Bünyan",
    "Develi",
    "Felahiye",
    "Hacılar",
    "İncesu",
    "Kocasinan",
    "Melikgazi",
    "Özvatan",
    "Pınarbaşı",
    "Sarıoğlan",
    "Sarız",
    "Talas",
    "Tomarza",
    "Yahyalı",
    "Yeşilhisar"
  ],
  "kirklareli": [
    "Babaeski",
    "Demirköy",
    "Kofçaz",
    "Lüleburgaz",
    "Merkez",
    "Pehlivanköy",
    "Pınarhisar",
    "Vize"
  ],
  "kirsehir": [
    "Akçakent",
    "Akpınar",
    "Boztepe",
    "Çiçekdağı",
    "Kaman",
    "Merkez",
    "Mucur"
  ],
  "kocaeli": [
    "Başiskele",
    "Çayırova",
    "Darıca",
    "Derince",
    "Dilovası",
    "Gebze",
    "Gölcük",
    "İzmit",
    "Kandıra",
    "Karamürsel",
    "Kartepe",
    "Körfez"
  ],
  "konya": [
    "Ahırlı",
    "Akören",
    "Akşehir",
    "Altınekin",
    "Beyşehir",
    "Bozkır",
    "Cihanbeyli",
    "Çeltik",
    "Çumra",
    "Derbent",
    "Derebucak",
    "Doğanhisar",
    "Emirgazi",
    "Ereğli",
    "Güneysınır",
    "Hadim",
    "Halkapınar",
    "Hüyük",
    "Ilgın",
    "Kadınhanı",
    "Karapınar",
    "Karatay",
    "Kulu",
    "Meram",
    "Sarayönü",
    "Selçuklu",
    "Seydişehir",
    "Taşkent",
    "Tuzlukçu",
    "Yalıhüyük",
    "Yunak"
  ],
  "kutahya": [
    "Altıntaş",
    "Aslanapa",
    "Çavdarhisar",
    "Domaniç",
    "Dumlupınar",
    "Emet",
    "Gediz",
    "Hisarcık",
    "Merkez",
    "Pazarlar",
    "Simav",
    "Şaphane",
    "Tavşanlı"
  ],
  "malatya": [
    "Akçadağ",
    "Arapgir",
    "Arguvan",
    "Battalgazi",
    "Darende",
    "Doğanşehir",
    "Doğanyol",
    "Hekimhan",
    "Kale",
    "Kuluncak",
    "Pütürge",
    "Yazıhan",
    "Yeşilyurt"
  ],
  "manisa": [
    "Ahmetli",
    "Akhisar",
    "Alaşehir",
    "Demirci",
    "Gölmarmara",
    "Gördes",
    "Kırkağaç",
    "Köprübaşı",
    "Kula",
    "Salihli",
    "Sarıgöl",
    "Saruhanlı",
    "Selendi",
    "Soma",
    "Şehzadeler",
    "Turgutlu",
    "Yunusemre"
  ],
  "kahramanmaras": [
    "Afşin",
    "Andırın",
    "Çağlayancerit",
    "Dulkadiroğlu",
    "Ekinözü",
    "Elbistan",
    "Göksun",
    "Nurhak",
    "Onikişubat",
    "Pazarcık",
    "Türkoğlu"
  ],
  "mardin": [
    "Artuklu",
    "Dargeçit",
    "Derik",
    "Kızıltepe",
    "Mazıdağı",
    "Midyat",
    "Nusaybin",
    "Ömerli",
    "Savur",
    "Yeşilli"
  ],
  "mugla": [
    "Bodrum",
    "Dalaman",
    "Datça",
    "Fethiye",
    "Kavaklıdere",
    "Köyceğiz",
    "Marmaris",
    "Menteşe",
    "Milas",
    "Ortaca",
    "Seydikemer",
    "Ula",
    "Yatağan"
  ],
  "mus": [
    "Bulanık",
    "Hasköy",
    "Korkut",
    "Malazgirt",
    "Merkez",
    "Varto"
  ],
  "nevsehir": [
    "Acıgöl",
    "Avanos",
    "Derinkuyu",
    "Gülşehir",
    "Hacıbektaş",
    "Kozaklı",
    "Merkez",
    "Ürgüp"
  ],
  "nigde": [
    "Altunhisar",
    "Bor",
    "Çamardı",
    "Çiftlik",
    "Merkez",
    "Ulukışla"
  ],
  "ordu": [
    "Akkuş",
    "Altınordu",
    "Aybastı",
    "Çamaş",
    "Çatalpınar",
    "Çaybaşı",
    "Fatsa",
    "Gölköy",
    "Gülyalı",
    "Gürgentepe",
    "İkizce",
    "Kabadüz",
    "Kabataş",
    "Korgan",
    "Kumru",
    "Mesudiye",
    "Perşembe",
    "Ulubey",
    "Ünye"
  ],
  "rize": [
    "Ardeşen",
    "Çamlıhemşin",
    "Çayeli",
    "Derepazarı",
    "Fındıklı",
    "Güneysu",
    "Hemşin",
    "İkizdere",
    "İyidere",
    "Kalkandere",
    "Merkez",
    "Pazar"
  ],
  "sakarya": [
    "Adapazarı",
    "Akyazı",
    "Arifiye",
    "Erenler",
    "Ferizli",
    "Geyve",
    "Hendek",
    "Karapürçek",
    "Karasu",
    "Kaynarca",
    "Kocaali",
    "Pamukova",
    "Sapanca",
    "Serdivan",
    "Söğütlü",
    "Taraklı"
  ],
  "samsun": [
    "19 mayıs",
    "Alaçam",
    "Asarcık",
    "Atakum",
    "Ayvacık",
    "Bafra",
    "Canik",
    "Çarşamba",
    "Havza",
    "İlkadım",
    "Kavak",
    "Ladik",
    "Salıpazarı",
    "Tekkeköy",
    "Terme",
    "Vezirköprü",
    "Yakakent"
  ],
  "siirt": [
    "Baykan",
    "Eruh",
    "Kurtalan",
    "Merkez",
    "Pervari",
    "Şirvan",
    "Tillo"
  ],
  "sinop": [
    "Ayancık",
    "Boyabat",
    "Dikmen",
    "Durağan",
    "Erfelek",
    "Gerze",
    "Merkez",
    "Saraydüzü",
    "Türkeli"
  ],
  "sivas": [
    "Akıncılar",
    "Altınyayla",
    "Divriği",
    "Doğanşar",
    "Gemerek",
    "Gölova",
    "Gürün",
    "Hafik",
    "İmranlı",
    "Kangal",
    "Koyulhisar",
    "Merkez",
    "Suşehri",
    "Şarkışla",
    "Ulaş",
    "Yıldızeli",
    "Zara"
  ],
  "tekirdag": [
    "Çerkezköy",
    "Çorlu",
    "Ergene",
    "Hayrabolu",
    "Kapaklı",
    "Malkara",
    "Marmaraereğlisi",
    "Muratlı",
    "Saray",
    "Süleymanpaşa",
    "Şarköy"
  ],
  "tokat": [
    "Almus",
    "Artova",
    "Başçiftlik",
    "Erbaa",
    "Merkez",
    "Niksar",
    "Pazar",
    "Reşadiye",
    "Sulusaray",
    "Turhal",
    "Yeşilyurt",
    "Zile"
  ],
  "trabzon": [
    "Akçaabat",
    "Araklı",
    "Arsin",
    "Beşikdüzü",
    "Çarşıbaşı",
    "Çaykara",
    "Dernekpazarı",
    "Düzköy",
    "Hayrat",
    "Köprübaşı",
    "Maçka",
    "Of",
    "Ortahisar",
    "Sürmene",
    "Şalpazarı",
    "Tonya",
    "Vakfıkebir",
    "Yomra"
  ],
  "tunceli": [
    "Çemişgezek",
    "Hozat",
    "Mazgirt",
    "Merkez",
    "Nazımiye",
    "Ovacık",
    "Pertek",
    "Pülümür"
  ],
  "sanliurfa": [
    "Akçakale",
    "Birecik",
    "Bozova",
    "Ceylanpınar",
    "Eyyübiye",
    "Halfeti",
    "Haliliye",
    "Harran",
    "Hilvan",
    "Karaköprü",
    "Siverek",
    "Suruç",
    "Viranşehir"
  ],
  "usak": [
    "Banaz",
    "Eşme",
    "Karahallı",
    "Merkez",
    "Sivaslı",
    "Ulubey"
  ],
  "van": [
    "Bahçesaray",
    "Başkale",
    "Çaldıran",
    "Çatak",
    "Edremit",
    "Erciş",
    "Gevaş",
    "Gürpınar",
    "İpekyolu",
    "Muradiye",
    "Özalp",
    "Saray",
    "Tuşba"
  ],
  "yozgat": [
    "Akdağmadeni",
    "Aydıncık",
    "Boğazlıyan",
    "Çandır",
    "Çayıralan",
    "Çekerek",
    "Kadışehri",
    "Merkez",
    "Saraykent",
    "Sarıkaya",
    "Sorgun",
    "Şefaatli",
    "Yenifakılı",
    "Yerköy"
  ],
  "zonguldak": [
    "Alaplı",
    "Çaycuma",
    "Devrek",
    "Ereğli",
    "Gökçebey",
    "Kilimli",
    "Kozlu",
    "Merkez"
  ],
  "aksaray": [
    "Ağaçören",
    "Eskil",
    "Gülağaç",
    "Güzelyurt",
    "Merkez",
    "Ortaköy",
    "Sarıyahşi",
    "Sultanhanı"
  ],
  "bayburt": [
    "Aydıntepe",
    "Demirözü",
    "Merkez"
  ],
  "karaman": [
    "Ayrancı",
    "Başyayla",
    "Ermenek",
    "Kazımkarabekir",
    "Merkez",
    "Sarıveliler"
  ],
  "kirikkale": [
    "Bahşili",
    "Balışeyh",
    "Çelebi",
    "Delice",
    "Karakeçili",
    "Keskin",
    "Merkez",
    "Sulakyurt",
    "Yahşihan"
  ],
  "batman": [
    "Beşiri",
    "Gercüş",
    "Hasankeyf",
    "Kozluk",
    "Merkez",
    "Sason"
  ],
  "sirnak": [
    "Beytüşşebap",
    "Cizre",
    "Güçlükonak",
    "İdil",
    "Merkez",
    "Silopi",
    "Uludere"
  ],
  "bartin": [
    "Amasra",
    "Kurucaşile",
    "Merkez",
    "Ulus"
  ],
  "ardahan": [
    "Çıldır",
    "Damal",
    "Göle",
    "Hanak",
    "Merkez",
    "Posof"
  ],
  "igdir": [
    "Aralık",
    "Karakoyunlu",
    "Merkez",
    "Tuzluca"
  ],
  "yalova": [
    "Altınova",
    "Armutlu",
    "Çınarcık",
    "Çiftlikköy",
    "Merkez",
    "Termal"
  ],
  "karabuk": [
    "Eflani",
    "Eskipazar",
    "Merkez",
    "Ovacık",
    "Safranbolu",
    "Yenice"
  ],
  "kilis": [
    "Elbeyli",
    "Merkez",
    "Musabeyli",
    "Polateli"
  ],
  "osmaniye": [
    "Bahçe",
    "Düziçi",
    "Hasanbeyli",
    "Kadirli",
    "Merkez",
    "Sumbas",
    "Toprakkale"
  ],
  "duzce": [
    "Akçakoca",
    "Cumayeri",
    "Çilimli",
    "Gölyaka",
    "Gümüşova",
    "Kaynaşlı",
    "Merkez",
    "Yığılca"
  ]
}